<featureType>
  <id>FeatureTypeInfoImpl-7c55092f:164b291b05d:587b</id>
  <name>ne_10m_populated_places</name>
  <nativeName>ne_10m_populated_places</nativeName>
  <namespace>
    <id>NamespaceInfoImpl-41697926:164a2136a44:-7fe3</id>
  </namespace>
  <title>ne_10m_populated_places</title>
  <keywords>
    <string>features</string>
    <string>ne_10m_populated_places</string>
  </keywords>
  <srs>EPSG:4326</srs>
  <nativeBoundingBox>
    <minx>-181.384841918945</minx>
    <maxx>181.178176879883</maxx>
    <miny>-75.3682403564453</miny>
    <maxy>83.2686614990234</maxy>
  </nativeBoundingBox>
  <latLonBoundingBox>
    <minx>-181.384841918945</minx>
    <maxx>181.178176879883</maxx>
    <miny>-75.3682403564453</miny>
    <maxy>83.2686614990234</maxy>
    <crs>EPSG:4326</crs>
  </latLonBoundingBox>
  <projectionPolicy>FORCE_DECLARED</projectionPolicy>
  <enabled>true</enabled>
  <store class="dataStore">
    <id>DataStoreInfoImpl-7c55092f:164b291b05d:586a</id>
  </store>
  <serviceConfiguration>false</serviceConfiguration>
  <maxFeatures>0</maxFeatures>
  <numDecimals>0</numDecimals>
  <padWithZeros>false</padWithZeros>
  <forcedDecimal>false</forcedDecimal>
  <overridingServiceSRS>false</overridingServiceSRS>
  <skipNumberMatched>false</skipNumberMatched>
  <circularArcPresent>false</circularArcPresent>
</featureType>