<layerGroup>
  <id>LayerGroupInfoImpl--osm-light</id>
  <name>osm_simple_dark</name>
  <mode>SINGLE</mode>
  <title>Simplified OSM with gray dark tones</title>
  <workspace>
    <id>WorkspaceInfoImpl-41697926:164a2136a44:-7fe4</id>
  </workspace>
  <publishables>
    <published type="layer">
      <id>LayerInfoImpl--2799aa5e:1701a225d1f:-7d4a</id>
    </published>
    <published type="layer">
      <id>LayerInfoImpl-7c55092f:164b291b05d:5872</id>
    </published>
    <published type="layer">
      <id>LayerInfoImpl-7c55092f:164b291b05d:587e</id>
    </published>
    <published type="layer">
      <id>LayerInfoImpl-7c55092f:164b291b05d:586c</id>
    </published>
    <published type="layer">
      <id>LayerInfoImpl-7c55092f:164b291b05d:5878</id>
    </published>
    <published type="layer">
      <id>LayerInfoImpl-6056aac0:164a21c08bd:-7ff5</id>
    </published>
    <published type="layer">
      <id>LayerInfoImpl-6056aac0:164a21c08bd:-7ff3</id>
    </published>
    <published type="layer">
      <id>LayerInfoImpl-7c55092f:164b291b05d:5874</id>
    </published>
    <published type="layer">
      <id>LayerInfoImpl-36aaa4ab:164ef7c5ab5:-7ffb</id>
    </published>
    <published type="layer">
      <id>LayerInfoImpl--701ea3ec:164a226a811:-7fe2</id>
    </published>
  </publishables>
  <styles>
    <style>
      <id>StyleInfoImpl--448c7b20:17019f309fa:-7ffb</id>
    </style>
    <style>
      <id>StyleInfoImpl--4ccf397:17015f576a7:-7bc5</id>
    </style>
    <style>
      <id>StyleInfoImpl--4ccf397:17015f576a7:-7bef</id>
    </style>
    <style>
      <id>StyleInfoImpl--4ccf397:17015f576a7:-66a3</id>
    </style>
    <style>
      <id>StyleInfoImpl--4ccf397:17015f576a7:-672a</id>
    </style>
    <style>
      <id>StyleInfoImpl--4bb84906:1701a5a3f3e:1760</id>
    </style>
    <style>
      <id>StyleInfoImpl--4bb84906:1701a5a3f3e:1761</id>
    </style>
    <style>
      <id>StyleInfoImpl--4ccf397:17015f576a7:-7890</id>
    </style>
    <style>
      <id>StyleInfoImpl--4ccf397:17015f576a7:-72cf</id>
    </style>
    <style>
      <id>StyleInfoImpl--4bb84906:1701a5a3f3e:1788</id>
    </style>
  </styles>
  <bounds>
    <minx>-2.0037508342789244E7</minx>
    <maxx>2.0037508342789244E7</maxx>
    <miny>-2.00489661040146E7</miny>
    <maxy>2.0048966104014594E7</maxy>
    <crs class="projected">EPSG:3857</crs>
  </bounds>
  <attribution>
    <logoWidth>0</logoWidth>
    <logoHeight>0</logoHeight>
  </attribution>
  <dateModified>2020-04-20 10:39:20.802 UTC</dateModified>
</layerGroup>