<layerGroup>
  <id>LayerGroupInfoImpl-bd4308:170f374bb97:1b16</id>
  <name>osm_marine_dark_bg</name>
  <mode>SINGLE</mode>
  <workspace>
    <id>WorkspaceInfoImpl-41697926:164a2136a44:-7fe4</id>
  </workspace>
  <publishables>
    <published type="layer">
      <id>LayerInfoImpl-7c55092f:164b291b05d:5872</id>
    </published>
    <published type="layer">
      <id>LayerInfoImpl-7c55092f:164b291b05d:587e</id>
    </published>
    <published type="layer">
      <id>LayerInfoImpl-7c55092f:164b291b05d:5878</id>
    </published>
    <published type="layer">
      <id>LayerInfoImpl-6056aac0:164a21c08bd:-7ff5</id>
    </published>
    <published type="layer">
      <id>LayerInfoImpl-6056aac0:164a21c08bd:-7ff3</id>
    </published>
    <published type="layer">
      <id>LayerInfoImpl-7c55092f:164b291b05d:5874</id>
    </published>
    <published type="layer">
      <id>LayerInfoImpl-6056aac0:164a21c08bd:-7ff9</id>
    </published>
    <published type="layer">
      <id>LayerInfoImpl--701ea3ec:164a226a811:-7fde</id>
    </published>
  </publishables>
  <styles>
    <style>
      <id>StyleInfoImpl-bd4308:170f39763cb:-470e</id>
    </style>
    <style>
      <id>StyleInfoImpl-bd4308:170f39763cb:-4592</id>
    </style>
    <style>
      <id>StyleInfoImpl-33e620f7:171876bbbfd:5a5b</id>
    </style>
    <style>
      <id>StyleInfoImpl-bd4308:170f39763cb:867</id>
    </style>
    <style>
      <id>StyleInfoImpl-bd4308:170f39763cb:-38e9</id>
    </style>
    <style>
      <id>StyleInfoImpl-33e620f7:171876bbbfd:5a5a</id>
    </style>
    <style>
      <id>StyleInfoImpl-bd4308:170f3cbef85:-1956</id>
    </style>
    <style>
      <id>StyleInfoImpl-bd4308:170f3d5246c:388</id>
    </style>
  </styles>
  <bounds>
    <minx>-2.0037508342789244E7</minx>
    <maxx>2.0037508342789244E7</maxx>
    <miny>-2.00489661040146E7</miny>
    <maxy>2.0048966104014594E7</maxy>
    <crs class="projected">EPSG:3857</crs>
  </bounds>
  <attribution>
    <logoWidth>0</logoWidth>
    <logoHeight>0</logoHeight>
  </attribution>
  <dateCreated>2020-03-19 16:17:57.963 UTC</dateCreated>
  <dateModified>2020-04-17 09:18:21.373 UTC</dateModified>
</layerGroup>