<layerGroup>
  <id>LayerGroupInfoImpl--33cb6f9e:17020c693da:-76a5</id>
  <name>osm_simple_light</name>
  <mode>SINGLE</mode>
  <title>Simplified OSM with gray light tones</title>
  <workspace>
    <id>WorkspaceInfoImpl-41697926:164a2136a44:-7fe4</id>
  </workspace>
  <publishables>
    <published type="layer">
      <id>LayerInfoImpl--2799aa5e:1701a225d1f:-7d4a</id>
    </published>
    <published type="layer">
      <id>LayerInfoImpl-7c55092f:164b291b05d:587e</id>
    </published>
    <published type="layer">
      <id>LayerInfoImpl-7c55092f:164b291b05d:5872</id>
    </published>
    <published type="layer">
      <id>LayerInfoImpl-7c55092f:164b291b05d:586c</id>
    </published>
    <published type="layer">
      <id>LayerInfoImpl-6056aac0:164a21c08bd:-7ff5</id>
    </published>
    <published type="layer">
      <id>LayerInfoImpl-6056aac0:164a21c08bd:-7ff3</id>
    </published>
    <published type="layer">
      <id>LayerInfoImpl-7c55092f:164b291b05d:5878</id>
    </published>
    <published type="layer">
      <id>LayerInfoImpl-7c55092f:164b291b05d:5874</id>
    </published>
    <published type="layer">
      <id>LayerInfoImpl-36aaa4ab:164ef7c5ab5:-7ffb</id>
    </published>
    <published type="layer">
      <id>LayerInfoImpl--701ea3ec:164a226a811:-7fe2</id>
    </published>
  </publishables>
  <styles>
    <style>
      <id>StyleInfoImpl--33cb6f9e:17020c693da:-76a4</id>
    </style>
    <style>
      <id>StyleInfoImpl--33cb6f9e:17020cf720d:1645</id>
    </style>
    <style>
      <id>StyleInfoImpl--33cb6f9e:17020cf720d:2107</id>
    </style>
    <style>
      <id>StyleInfoImpl--33cb6f9e:17020cf720d:4797</id>
    </style>
    <style>
      <id>StyleInfoImpl--33cb6f9e:17020e3f87f:4c4e</id>
    </style>
    <style>
      <id>StyleInfoImpl--33cb6f9e:17020e76e0e:-71</id>
    </style>
    <style>
      <id>StyleInfoImpl--33cb6f9e:17020da218f:5969</id>
    </style>
    <style>
      <id>StyleInfoImpl--33cb6f9e:17020dc9e9a:-6373</id>
    </style>
    <style>
      <id>StyleInfoImpl--33cb6f9e:17020dc9e9a:-b7</id>
    </style>
    <style>
      <id>StyleInfoImpl--33cb6f9e:17020dc9e9a:18bd</id>
    </style>
  </styles>
  <bounds>
    <minx>-2.0037508342789244E7</minx>
    <maxx>2.0037508342789244E7</maxx>
    <miny>-2.00489661040146E7</miny>
    <maxy>2.0048966104014594E7</maxy>
    <crs class="projected">EPSG:3857</crs>
  </bounds>
  <dateCreated>2020-02-07 17:55:16.265 UTC</dateCreated>
  <dateModified>2020-04-20 10:39:42.317 UTC</dateModified>
</layerGroup>