<layerGroup>
  <id>LayerGroupInfoImpl-bd4308:170f39763cb:2d60</id>
  <name>osm_marine_dark</name>
  <mode>SINGLE</mode>
  <workspace>
    <id>WorkspaceInfoImpl-41697926:164a2136a44:-7fe4</id>
  </workspace>
  <publishables>
    <published/>
    <published type="layerGroup">
      <id>LayerGroupInfoImpl-bd4308:170f374bb97:1b16</id>
    </published>
    <published type="layerGroup">
      <id>LayerGroupInfoImpl-bd4308:170f39763cb:2d5f</id>
    </published>
  </publishables>
  <styles>
    <style>
      <id>StyleInfoImpl--6984eb45:1715f1fd58e:2cc0</id>
    </style>
    <style/>
    <style/>
  </styles>
  <bounds>
    <minx>-2.0037508342789244E7</minx>
    <maxx>2.0037508342789244E7</maxx>
    <miny>-2.00489661040146E7</miny>
    <maxy>2.0048966104014594E7</maxy>
    <crs class="projected">EPSG:3857</crs>
  </bounds>
  <attribution>
    <logoWidth>0</logoWidth>
    <logoHeight>0</logoHeight>
  </attribution>
  <dateCreated>2020-03-19 16:34:02.954 UTC</dateCreated>
  <dateModified>2020-04-09 13:40:20.72 UTC</dateModified>
</layerGroup>