<gwcJdbcConfiguration>
  <dialect>PostgreSQL</dialect>
  <connectionPool>
    <driver>org.postgresql.Driver</driver>
    <url>jdbc:postgresql://postgresql:5432/gwc_quota</url>
    <username>${POSTGRES_USER}</username>
    <password>crypt1:dBduuCoua726pt+7UiH9bix9gs+wB8Gr</password>
    <minConnections>1</minConnections>
    <maxConnections>10</maxConnections>
    <connectionTimeout>5000</connectionTimeout>
    <validationQuery>SELECT 1</validationQuery>
    <maxOpenPreparedStatements>50</maxOpenPreparedStatements>
  </connectionPool>
</gwcJdbcConfiguration>