<qosMainConfiguration>
  <activated>true</activated>
  <metadata>
    <operatingInfo>
      <operationalStatus>
        <href>http://def.opengeospatial.org/codelist/qos/status/1.0/operationalStatus.rdf#Operational</href>
        <title>Operating Schedule - WMS</title>
      </operationalStatus>
      <byDaysOfWeek>
        <days>MONDAY</days>
        <days>TUESDAY</days>
        <days>WEDNESDAY</days>
        <days>THURSDAY</days>
        <days>FRIDAY</days>
        <days>SATURDAY</days>
        <startTime>09:00:00+01:00</startTime>
        <endTime>18:00:00+01:00</endTime>
      </byDaysOfWeek>
    </operatingInfo>
    <statement>
      <metric>
        <href>http://def.opengeospatial.org/codelist/qos/metrics/1.0/metrics.rdf#ContinuousAvailability</href>
        <title>Continuous Availability</title>
      </metric>
      <meassure>
        <value>99</value>
        <uom>%</uom>
      </meassure>
      <valueType>moreThanOrEqual</valueType>
    </statement>
    <operationAnomalyFeed>
      <href>http://monitoring.geo-solutions.it/resource/75?lang=en</href>
      <format>html</format>
      <abstract>
        <value>Last Summary: WMS for workspace:ows14</value>
      </abstract>
    </operationAnomalyFeed>
    <operationAnomalyFeed>
      <href>http://monitoring.geo-solutions.it/resource/73?lang=en</href>
      <format>html</format>
      <abstract>
        <value>Last Summary: WMS for workspace:osm</value>
      </abstract>
    </operationAnomalyFeed>
  </metadata>
</qosMainConfiguration>